{
  "fator_px_mm": 1.1259865190407505,
  "flow_maximo_pxs": 2790.3924417242315
}